{"inputs": [[2, 0, 0, 0, 0, 0, 0, 0, 0, 0], [1, 0, 0, 0, 0, 0, 0, 0, 2, 0], [2, 0, 0, 0, 0, 0, 1, 0, 2, 0], [1, 0, 0, 0, 0, 2, 1, 0, 2, 0], [2, 1, 0, 0, 0, 2, 1, 0, 2, 0], [1, 0, 0, 0, 0, 0, 0, 0, 0, 0], [2, 0, 0, 0, 0, 1, 0, 0, 0, 0], [1, 0, 0, 0, 0, 1, 0, 2, 0, 0], [2, 0, 0, 0, 0, 1, 1, 2, 0, 0], [1, 0, 0, 0, 2, 1, 1, 2, 0, 0], [2, 0, 1, 0, 2, 1, 1, 2, 0, 0], [1, 0, 0, 0, 0, 0, 0, 0, 0, 0], [2, 0, 0, 1, 0, 0, 0, 0, 0, 0], [1, 0, 0, 1, 0, 0, 0, 0, 0, 2], [2, 0, 1, 1, 0, 0, 0, 0, 0, 2], [1, 0, 1, 1, 2, 0, 0, 0, 0, 2], [2, 0, 1, 1, 2, 0, 1, 0, 0, 2], [1, 2, 1, 1, 2, 0, 1, 0, 0, 2], [2, 2, 1, 1, 2, 0, 1, 1, 0, 2], [1, 2, 1, 1, 2, 2, 1, 1, 0, 2]], "targets": [[4.0368657148187175e-05, 1.8327341991335298e-09, 0.07298824433855734, 1.8327341991335298e-09, 0.0059912399360912685, 0.03172056023161395, 4.0368657148187175e-05, 0.8891788458568245, 4.0368657148187175e-05], [3.068539213276712e-05, 3.068539213276712e-05, 0.16197791641335496, 3.068539213276712e-05, 0.16197791641335496, 0.6758907402126263, 3.068539213276712e-05, 0.0, 3.068539213276712e-05], [3.319378588515022e-08, 0.0007311417893993993, 0.05312068572260999, 0.9249218719258627, 0.020495092385156597, 0.0, 0.0007311417893993993, 0.0, 3.319378588515022e-08], [0.7769023232913906, 0.044619535341721826, 0.044619535341721826, 0.044619535341721826, 0.0, 0.0, 0.044619535341721826, 0.0, 0.044619535341721826], [0.0, 0.4996593737954004, 0.4996593737954004, 2.268450047547834e-05, 0.0, 0.0, 0.0006358834082483089, 0.0, 2.268450047547834e-05], [1.0449723119621282e-07, 0.06452052244867805, 0.0023017046885953907, 0.0023017046885953907, 0.928573945496611, 0.0023017046885953907, 1.0449723119621282e-07, 1.0449723119621282e-07, 1.0449723119621282e-07], [0.00032877907062459164, 0.00032877907062459164, 0.00032877907062459164, 0.00032877907062459164, 0.0, 0.01795072902571918, 0.9800765965505333, 0.00032877907062459164, 0.00032877907062459164], [0.0016956564846886955, 7.698268530616874e-08, 0.0016956564846886955, 0.012529300889880312, 0.0, 0.9840791551926865, 0.0, 7.698268530616874e-08, 7.698268530616874e-08], [4.4708051304958727e-08, 3.5130334631919075e-05, 4.4708051304958727e-08, 0.999964690833163, 0.0, 0.0, 0.0, 4.4708051304958727e-08, 4.4708051304958727e-08], [0.6859416142966964, 0.2646508900364304, 0.04766159069867423, 0.0, 0.0, 0.0, 0.0, 0.0008729524840995691, 0.0008729524840995691], [0.9999983762835367, 0.0, 2.061150275709488e-09, 0.0, 0.0, 0.0, 0.0, 2.061150275709488e-09, 1.6195941625466356e-06], [1.8783614903255666e-08, 0.00041373665116938257, 0.9875747221688895, 1.8783614903255666e-08, 1.8783614903255666e-08, 0.00041373665116938257, 0.011597710610697545, 1.8783614903255666e-08, 1.8783614903255666e-08], [0.09214468314918405, 0.0003039397677467676, 0.0, 0.0003039397677467676, 0.0003039397677467676, 0.0003039397677467676, 0.0003039397677467676, 0.0003039397677467676, 0.9060316782443353], [1.001167195895831e-09, 0.4857314782346726, 0.0, 1.001167195895831e-09, 0.027896831055748923, 0.000618158297576196, 0.4857314782346726, 2.2052174995282074e-05, 0.0], [0.044619535341721826, 0.0, 0.0, 0.7769023232913906, 0.044619535341721826, 0.044619535341721826, 0.044619535341721826, 0.044619535341721826, 0.0], [0.33318694945395216, 0.0, 0.0, 0.0, 0.00042402497404039793, 0.33318694945395216, 1.5126664102986018e-05, 0.33318694945395216, 0.0], [0.4941963417773477, 0.0, 0.0, 0.0, 0.005803658222652316, 0.0, 0.4941963417773477, 0.005803658222652316, 0.0], [0.0, 0.0, 0.0, 0.0, 1.6195206432187212e-06, 0.0, 0.9999529826841771, 4.5397795179648865e-05, 0.0], [0.0, 0.0, 0.0, 0.0, 0.5, 0.0, 0.0, 0.5, 0.0], [0.0, 0.0, 0.0, 0.0, 0.0, 0.0, 0.0, 1.0, 0.0]]}