{"inputs": [[2, 0, 0, 0, 0, 0, 0, 0, 0, 0, 0, 0, 0, 0, 0, 0, 0, 0, 0, 0, 0, 0, 0, 0, 0, 0, 0, 0, 0, 0, 0, 0, 0], [1, 0, 0, 0, 0, 0, 0, 0, 0, 1, 0, 0, 0, 0, 0, 0, 0, 0, 0, 0, 0, 0, 0, 0, 0, 0, 0, 0, 0, 0, 0, 0, 0], [2, 0, 0, 0, 0, 0, 0, 0, 0, 1, 0, 0, 1, 0, 0, 0, 0, 0, 0, 0, 0, 0, 0, 0, 0, 0, 0, 0, 0, 0, 0, 0, 0], [1, 0, 0, 0, 0, 0, 0, 0, 0, 1, 0, 0, 1, 0, 0, 1, 0, 0, 0, 0, 0, 0, 0, 0, 0, 0, 0, 0, 0, 0, 0, 0, 0], [2, 0, 0, 0, 0, 0, 0, 0, 1, 1, 0, 0, 1, 0, 0, 1, 0, 0, 0, 0, 0, 0, 0, 0, 0, 0, 0, 0, 0, 0, 0, 0, 0], [1, 0, 0, 0, 0, 0, 0, 0, 1, 1, 0, 0, 1, 0, 0, 1, 0, 1, 0, 0, 0, 0, 0, 0, 0, 0, 0, 0, 0, 0, 0, 0, 0], [2, 0, 0, 0, 0, 0, 0, 0, 1, 1, 0, 0, 1, 0, 0, 1, 0, 1, 0, 0, 1, 0, 0, 0, 0, 0, 0, 0, 0, 0, 0, 0, 0], [1, 0, 0, 0, 0, 1, 0, 0, 1, 1, 0, 0, 1, 0, 0, 1, 0, 1, 0, 0, 1, 0, 0, 0, 0, 0, 0, 0, 0, 0, 0, 0, 0], [2, 0, 0, 0, 0, 1, 0, 0, 1, 1, 0, 0, 1, 0, 0, 1, 0, 1, 0, 0, 1, 0, 0, 0, 1, 0, 0, 0, 0, 0, 0, 0, 0], [1, 0, 0, 0, 0, 1, 0, 0, 1, 1, 0, 0, 1, 1, 0, 1, 0, 1, 0, 0, 1, 0, 0, 0, 1, 0, 0, 0, 0, 0, 0, 0, 0], [2, 0, 0, 0, 0, 1, 0, 0, 1, 1, 0, 0, 1, 1, 0, 1, 0, 1, 0, 0, 1, 0, 1, 0, 1, 0, 0, 0, 0, 0, 0, 0, 0], [1, 0, 0, 0, 0, 1, 0, 0, 1, 1, 0, 0, 1, 1, 0, 1, 0, 1, 0, 0, 1, 0, 1, 0, 1, 1, 0, 0, 0, 0, 0, 0, 0], [2, 0, 0, 0, 0, 1, 0, 0, 1, 1, 0, 0, 1, 1, 0, 1, 0, 1, 0, 0, 1, 0, 1, 0, 1, 1, 0, 0, 0, 0, 0, 0, 1]], "targets": [[4.531756793410986e-05, 0.0012703250654611741, 2.057414401215224e-09, 4.531756793410986e-05, 0.9981858600045007, 4.531756793410986e-05, 4.531756793410986e-05, 4.531756793410986e-05, 4.531756793410986e-05, 4.531756793410986e-05, 4.531756793410986e-05, 4.531756793410986e-05, 2.057414401215224e-09, 4.531756793410986e-05, 4.531756793410986e-05, 4.531756793410986e-05], [4.507168403591755e-05, 4.507168403591755e-05, 0.006689231013843694, 2.0462512895075668e-09, 0.0, 0.9927699067314739, 4.507168403591755e-05, 4.507168403591755e-05, 4.507168403591755e-05, 4.507168403591755e-05, 4.507168403591755e-05, 4.507168403591755e-05, 4.507168403591755e-05, 4.507168403591755e-05, 4.507168403591755e-05, 4.507168403591755e-05], [0.9194613371531957, 0.006195281757446486, 0.006195281757446486, 0.006195281757446486, 0.0, 0.0, 0.006195281757446486, 0.006195281757446486, 0.006195281757446486, 0.006195281757446486, 0.006195281757446486, 0.006195281757446486, 0.006195281757446486, 0.006195281757446486, 0.006195281757446486, 0.006195281757446486], [0.006690135607188729, 4.5077779137932126e-05, 2.0465280067109235e-09, 0.9929041602875138, 0.0, 0.0, 4.5077779137932126e-05, 0.0, 2.0465280067109235e-09, 4.5077779137932126e-05, 4.5077779137932126e-05, 4.5077779137932126e-05, 4.5077779137932126e-05, 4.5077779137932126e-05, 4.5077779137932126e-05, 4.5077779137932126e-05], [1.1348951957377729e-05, 1.1348951957377729e-05, 1.1348951957377729e-05, 0.0, 0.0, 0.0, 1.1348951957377729e-05, 0.0, 0.24997730209608524, 1.1348951957377729e-05, 1.1348951957377729e-05, 1.1348951957377729e-05, 1.1348951957377729e-05, 0.24997730209608524, 0.24997730209608524, 0.24997730209608524], [0.027003912922332104, 1.2259757499861346e-06, 0.027003912922332104, 0.0, 0.0, 0.0, 0.027003912922332104, 0.0, 0.0, 0.7569635577232611, 0.027003912922332104, 0.027003912922332104, 0.027003912922332104, 0.027003912922332104, 0.027003912922332104, 0.027003912922332104], [2.021014903622043e-09, 0.01795896179717904, 0.980526090641887, 0.0, 0.0, 0.0, 4.451581564542552e-05, 0.0, 0.0, 0.0, 4.451581564542552e-05, 4.451581564542552e-05, 0.0012478506460464468, 4.451581564542552e-05, 4.451581564542552e-05, 4.451581564542552e-05], [2.047081665703327e-09, 2.047081665703327e-09, 0.0, 0.0, 0.0, 0.0, 2.047081665703327e-09, 0.0, 0.0, 0.0, 0.006691945528053321, 0.9931727763607536, 4.5089974288790285e-05, 4.5089974288790285e-05, 2.047081665703327e-09, 4.5089974288790285e-05], [1.4173410456205549e-06, 0.031219014060936735, 0.0, 0.0, 0.0, 0.0, 0.8751196917331161, 0.0, 0.0, 0.0, 1.4173410456205549e-06, 0.0, 0.031219014060936735, 1.4173410456205549e-06, 0.031219014060936735, 0.031219014060936735], [0.03222504829682983, 0.03222504829682983, 0.0, 0.0, 0.0, 0.0, 0.0, 0.0, 0.0, 0.0, 0.9033204660647226, 0.0, 1.4630149292687564e-06, 1.4630149292687564e-06, 1.4630149292687564e-06, 0.03222504829682983], [1.5117305182305268e-06, 0.033298080550770125, 0.0, 0.0, 0.0, 0.0, 0.0, 0.0, 0.0, 0.0, 0.0, 0.0, 0.9333993037069049, 0.033298080550770125, 1.5117305182305268e-06, 1.5117305182305268e-06], [0.03329540968176763, 0.03329540968176763, 0.0, 0.0, 0.0, 0.0, 0.0, 0.0, 0.0, 0.0, 0.0, 0.0, 0.0, 4.2372863790474193e-05, 4.2372863790474193e-05, 0.9333244349088837], [0.4999773010656488, 2.2698934351217197e-05, 0.0, 0.0, 0.0, 0.0, 0.0, 0.0, 0.0, 0.0, 0.0, 0.0, 0.0, 0.4999773010656488, 2.2698934351217197e-05, 0.0]]}